{"foreignThreshold": 10.2, "scriptsThreshold": 6.0, "exploitThreshold": 5.0, "foreign": {"redirectsCount": {"average": 0.03579187198643565, "deviation": 0.28900473369751256}, "iframesCount": {"average": 0.2612727176389551, "deviation": 1.1661386774280742}, "iframeLinksMedianLength": {"average": 17.09098977375086, "deviation": 52.92706570589183}, "iframeLinksMinVowelRatio": {"average": 0.028878330686662564, "deviation": 0.07367694822194641}, "iframeLinksMinSpecialCharRatio": {"average": 0.009168163137863934, "deviation": 0.02866297519891168}, "minLinkLength": {"average": 17.47880570126636, "deviation": 18.51112178445883}, "externalLinks": {"average": 12.004503788480898, "deviation": 42.21399702942435}}, "scripts": {"scriptsCount": {"average": 15.597454034864622, "deviation": 18.723109290679165}, "linesNumber": {"average": 93.3385656758332, "deviation": 315.966508224086}, "wordsNumber": {"average": 284.60948179939595, "deviation": 1186.5090185327304}, "specialCharRatio": {"average": 0.04358122710094567, "deviation": 0.0326147410233674}, "minimumScriptLength": {"average": 237.1362660944206, "deviation": 5474.914787834435}, "minimumLineLength": {"average": 20.919819318603295, "deviation": 1239.203938634351}, "maximumStringLength": {"average": 26.17703862660944, "deviation": 594.0175380647082}, "minimumWordLength": {"average": 1.4562470195517405, "deviation": 19.244356045779163}, "minimumFunctionArgLength": {"average": 0.03648068669527897, "deviation": 0.42776454239080847}}, "exploit": {"objectsCount": {"average": 0.035301753828220206, "deviation": 0.3332743529492367}, "objectsMaxLinkLength": {"average": 0.4081757007365019, "deviation": 6.283639885737788}, "objectLinksVowelRatio": {"average": 0.0017901951175591081, "deviation": 0.02130157737819283}, "objectLinksSpecialCharRatio": {"average": 0.00019567656463657197, "deviation": 0.003942558994658728}, "objectsMedianAttributesNumber": {"average": 0.15157235203730196, "deviation": 1.1449438600991682}}}