{"foreignThreshold": 9.0, "scriptsThreshold": 6.0, "exploitThreshold": 5.0, "foreign": {"redirectsCount": {"average": 0.03579139787794895, "deviation": 0.2890028489079589}, "iframesCount": {"average": 0.2613752268422238, "deviation": 1.1664710421631237}, "iframeLinksMedianLength": {"average": 17.091505172665016, "deviation": 52.926904604321074}, "iframeLinksMinVowelRatio": {"average": 0.0288811789521751, "deviation": 0.07368061644364708}, "iframeLinksMinSpecialCharRatio": {"average": 0.009168041693979893, "deviation": 0.028662804779832615}, "minLinkLength": {"average": 22.622084166743935, "deviation": 16.939422890495646}, "externalLinks": {"average": 43.1950511967997, "deviation": 98.48164504051593}}, "scripts": {"scriptsCount": {"average": 15.597975971282105, "deviation": 18.72353448289455}, "linesNumber": {"average": 93.33783264673546, "deviation": 315.96447969397786}, "wordsNumber": {"average": 284.60957969613077, "deviation": 1186.501160303288}, "specialCharRatio": {"average": 0.04358159718455044, "deviation": 0.03261468352087473}, "minimumScriptLength": {"average": 237.1334693282821, "deviation": 5474.878580086262}, "minimumLineLength": {"average": 20.91954220921145, "deviation": 1239.1957334279484}, "maximumStringLength": {"average": 26.17697005020333, "deviation": 594.0136040426522}, "minimumWordLength": {"average": 1.4562409759845283, "deviation": 19.244228657426092}, "minimumFunctionArgLength": {"average": 0.03648020346257269, "deviation": 0.4277617298091595}}, "exploit": {"objectsCount": {"average": 0.035301286211966675, "deviation": 0.33327217035917134}, "objectsMaxLinkLength": {"average": 0.40817029393453697, "deviation": 6.283598443290924}, "objectLinksVowelRatio": {"average": 0.0017901714041669056, "deviation": 0.021301437289176533}, "objectLinksSpecialCharRatio": {"average": 0.00019567397265367773, "deviation": 0.003942532946466058}, "objectsMedianAttributesNumber": {"average": 0.08279575589789782, "deviation": 0.599835667897434}}}